Paper,Expertise
4264599665522594d9ecb521dd2e1d002e85a961,5.0
3db9649f2ae986cac13f3e748375f8802f9b07fc,5.0
9045bf2a9c1e2b9621c69c57f991d10880e91f18,1.0
5aea95e1ae78a66474051a330ded374e199b658c,5.0
bb6317bbd2c4a81e94cf3d7eb1b73da246a022db,4.67
2c871df72c52b58f05447fcb3afc838168d94505,4.0
69b184f62c97513b03deed96a1443f79b34af0d7,4.0
ff783c4709a095cc581534fec58ef9515613ebc9,4.75
1acbfc7d3e245bd3146e9e24eae7550aa2d03482,2.0
81e57827bebb04305cc9e6c85e96c83951244ec2,1.75
4fffa5245d3972077c83614c2a08a47cb578631e,4.25
6ec6fa4e34200e13d80ee79b95d1cc6ec0f6b424,5.0
54a13bcc9613dcaa76fb25fbe96572f376cfcca9,3.25
8eda71ecad19cdef6092e76276eba48312ec7063,5.0
69c515a62403fcc19125d3a6dd8e878aa5cde604,5.0
7771aa7badc3375a31bfac8dc47755ff5d5c7780,3.75
b7637d1148da569d2211b5dd9851bca82c6aac43,5.0
cf0860ab99c63cb7cbd5317fca7cf1fe70e8fb63,3.5
e3480d9395e692833b722b2e957d51139985f310,4.5
7e63be5285e6596fbbc6c56bc89f7b6fd8bbe8c5,4.5
3cfb319689f06bf04c2e28399361f414ca32c4b3,3.75
e54e0d9eaa922cefb1c69e105979399fd34497b1,5.0
ce3d6673b7eebdd0198940316d18e383e9597c9a,3.75
acbb4495dd698b3190db6899d7d35b0817e0a85e,5.0
7707af52b3e19bfd3fc07c2be5aed044e5d7953a,3.0
6a4deeb40aed8a4d56c8d9401c94b6c7a769e8c3,3.5
11c6d0851152b6bec34726be40d90bea8d8a90f0,5.0
1ce96d8dbf69199ebd043de6cfa25d7e48b8ab03,4.0
40848b41ed8c9c255ecd8a920006877691b52d03,5.0
6a79ff7465d8249d9c8a50fa5f2e0a3e308b436d,5.0
930445d9cda71d6ff857e69aa5bb4b1bef7d31e5,4.0
92a8f7f09f3705cb5a6009a42220a6f01ea084e8,4.25
37e06f3622c17dc6194b547c944462b2a513b878,4.0
90357a6dc817e2f7cec477a51156675fbf545cf1,4.0
6f870f7f02a8c59c3e23f407f3ef00dd1dcf8fc4,3.5
365e049ecb7299cc6925483127f2f2123a97c35f,5.0
76df9c90d5359585f5501a4da1af1078c32be6d7,3.5
c6bb9e4a9eaa0f0f8309597af2cefe03bd3f1bb5,5.0
9b621c0bcd2029006b389bc51395fb6604f9a855,4.25
e79d1206292bc5e67ba19737d87d4b2ea4a37105,4.5
a309ad4c4088843d230be1a85806960e633e1e46,3.5
95e8edd26744ecc2bc23996cfaa68fe6252442a9,4.75
213e471bacff5c0852943988fcb955797f1e591f,3.5
807600ef43073cd9c59d4208ee710e90cf14efa8,4.0
7a79099447bef9a3ea13b1dc409d04b3dff57320,5.0
62d1a3137b01a69443bebf4d92c1990ec512a6a1,5.0
6dafc41e9bbd3aa476a0a1c15ca2c459eaef6b98,4.75
c4ce6aca9aed41d57d588674484932e0c2cd3547,4.0
863b2b38b33ffc4e5462adbc7aaf84aeb93adda8,3.5
f49065750931c1c3c9edaf7d2f4bc8ea1342450a,4.5
99053e3a708fc27709c9dab33110dc98b187c158,4.0
7b99c51d562e33309a46601c846abbe72a65c6a4,4.0
4c93bcc05d6b41cb3df451d703f34bab9c9e9201,4.0
a4cb2a401c78bfafee69e823306b0cc9e4d673db,4.75
71124b00b873e85aa55b07100cd5b492e5b1d73d,2.0
3e8420d1bebb3f93d285da2de801d2e43b290880,4.5
302face5b5a0944cab13665a2d4e07ef3aaf5240,3.5
c50f98961c951fe3fbdb6f375beb28e40a6b0581,4.5
429b65937d4922578a81e1f0ef5aeab7361ae36b,4.5
63e7e3b16e03da62a2c535ac9cfccfa3ae48b292,4.75
ef9ddbc35676ce8ffc2a8067044473727839dbac,3.75
acbdbf49f9bc3f151b93d9ca9a06009f4f6eb269,4.25
5270b626feb66c8c363e93ba6608daae93c5003b,4.0
c6c18ad62f39060e2547a0b683525e83312d0700,4.5
9c5c794094fbf5da8c48df5c3242615dc0b1d245,3.0
cbf941fef87830efa4de98455cfe943917909b66,3.5
61cce75554a6d1bb802f26758c3b0ba97de6918d,2.5
49a049dc85e2380dde80501a984878341dd8efdf,3.5
f41e6c832c9e0d5360b66ee7681d3b1ffd2d9c3d,5.0
a0ab4106dabd6bc067c7b3e4db06807e2c0f6036,4.0
122b75042daae44f93153dedda15b0fb11b3f279,5.0
6a9394e5d49c1251c0fb6d7fb0c0813d26c6a907,4.5
575ac3f36e9fddeb258e2f639e26a6a7ec35160a,3.25
eebc1811c55c2e5e8b3b78d0b0382ad50f22e32a,4.5
f8d7b263e8d663583cd22d5988c8ea4a49ed2840,4.75
753fd6952c9f06f3bbd46e37129acc3f7a984896,3.5
e37fb85e8869d464bae8eeebf4cd9321ec8c70ad,4.0
3d3b1300c7cd6a820a6d08605248f875a3ad20b9,1.75
939dfa4dec88ca167e6572904c4ad2fcbf726f48,3.0
e6aaac94df717786a467d057cb2157b9d49f0974,4.0
16f0c508aa54e26aa18e3b0f3c91b0c143c6a605,4.5
1e9771a264334c45020421b1c847f6bcd88adc60,4.0
f432d10677897cf72f9594ba7bd4c9199b270fb3,4.0
90766546b29836eb96f54fe8fd70ec51a3e699ba,5.0
298b72096b8a770b0cdb263dd53cf2463b8a1a1d,3.5
71a85e735a3686bef8cce3725ae5ba82e2cabb1b,5.0
9f2cf7b35224aad3a8d261e4456fe2d65a5f5d3e,5.0
6bea71fa6deb19c67e9586428f8f240e789fb3df,4.0
e60b88313fad52c1ef8dd02b482785651d09ad66,1.5
59d225fcb08ce66935e0285a9936ee158c4fdb97,5.0
86db47e228167439f15ee320a8a81d386f529a0c,4.5
9c16dcbcdfe6991f5d448543e6f4cbdf37149883,5.0
0eac6cbd150b1a7e9d757ccc871eea2bf0d89e42,4.5
a75869d69cc86f501939c237ae4711aa2885f6a6,1.5
2dd81061e0b11c828446f6a1843741ae51facbd2,5.0
4e1d27c68a60bfd8393462107677469bf286f0f8,3.5
609010cb866a19dd996281d00818c3fc7363ec94,4.0
15251fa3a3bcf695bf153d0856886cab9a3145ea,5.0
30cf652bd33049aaf111a5f84eb262a87c045bdb,4.5
26299d5fdc5137291dc6a091573b3d18aba1d1c2,3.0
95a35473fd1936927dd4a53fe0a5d2d6762d99b3,4.0
1d5c07e7415a7e9be078717197ddf9f3c70a2875,5.0
ad48174ccbff6259a7d3cb0d0985e5aefa314b84,3.0
7731e3dec97c48498b585408d44615346ade144a,3.5
ebcb425ed1a51e8f1a6eca422882abd454fe04f2,4.0
bd6018632a360cb567da8e50e1717ff526503845,3.0
927efd299cffcfca3716efefcc904331b70c153e,4.0
ed535e93d5b5a8b689e861e9c6083a806d1535c2,3.75
425a4a9c0598e4101ca2f2b930f5c6986ce40a99,3.5
d26683135c70d7b2a61ce5f70fb49b4fa22cf9c4,4.0
29b3a609f2b5cb10cffb80a6aaf96413a4a9998e,3.0
fd8e176087335355ff5e81821a616d15ec8d3346,4.0
baf34ac4080a365a7cec30b6877fa1a018eb31cf,1.0
2b4edb9515a26561ea3f9ee2a63a506721c8369e,2.5
9ce09b03f056253252f3e8c0c65d86a27117a0ac,2.5
1109f787fc8d51feb3bae9bf6e1945dc4a1191e7,5.0
a38e0f993e4805ba8a9beae4c275c91ffcec01df,5.0
0c47eb31b2dd76d8dc986173a1d3f00da1c9c74d,4.5
b8b813111c411ae61881ab9cd25707d9de6444ec,3.5
7f79ac114d30c2c7dae91075210fbfda90c9d76f,2.25
c5dfc5fe7102fd8647edd1c9483aded82557e544,4.5
7596030e0ce7a8df2f43e6ba4e9de5fa4a19240f,5.0
b8e49216e5b4a017342b0be5f6fbbd79e690a1c7,4.5
7099d5a4b2d4ed47905071fc23aff08580401e42,4.0
69ee9b3a915951cc84b74599a3a2699a66d4004f,4.0
15d643f4c27d373aa46f26a760051e76fde81dc2,2.25
b79dcc5304e557ce200b161d2a884c0ff77f34ec,4.0
a0e92f6e9564b8c38b6649ae71b892ddfb988faa,4.75
c3a662b864673d8cc7469051419ab8819926d4b0,4.0
6a3cc30d5d6342d912851deb4362b8c47fa5ede3,4.0
6ea353ada2b89763f58d8068a74b2e6def526948,3.5
a61aebbfe029c4b8eafae4042e6242cdca8f54b7,4.0
0bbfa6ab7451aea5cbb842cce97b54500bafdfc7,3.5
a6b431df3b3d40c98d8d623cab559a9cddd41662,4.25
58a2e825884bc86e650fffafb86a2833117852c5,4.25
957e3ec3c722f5cb382fe8ac54fc846ee772a95f,4.0
be28821d510a99ffce40cdcf6860302def8533ef,4.25
1134ec4cdfc1c2161d157b0f4e03dec85d8c4c8a,3.75
341c72f55a89572915aa476db7f525c2e0b60eba,4.5
9389af659f14239319186dff1cef49e8ece742c8,4.0
a278c07c8bd2921e59dd862cd91a0540dd340030,3.0
098076a2c90e42c81b843bf339446427c2ff02ed,4.25
002c256d30d6be4b23d365a8de8ae0e67e4c9641,5.0
bf0beed35ea09aab56027d64c744098cc963fbde,4.5
2bb1e1a5b9a16f6828fe94736cea5dab264533a6,4.5
f7979c6690562c5f8bf700e3fd184c4d1df0a54c,1.0
c56aced0f0c5cfebefadb530cb08d736c3ac5c05,4.0
4f9a4afc0ba500d839f7ee245513af9b87add8be,4.5
03fff40cff6ac531e340f6ffb376e34609770846,5.0
173c73077a421680f12576524e85dff4b890c17e,4.25
0e141942fa265142f41a2a26eb17b6005d3af29e,3.0
eebfece29b7a5c2202f1ec53ef49d6fdb75ce0ea,4.5
c783e1fb3ce8514f981925ee590c00884660ee4e,3.0
4786e10003655be97feee21b9d9894a88a62885f,4.5
b31eb3428320342dfde042693ff2ca106dabed0d,4.5
a3452276ada37727d0008dad8ca7c27bbbee6984,4.75
d31b5b60e1b3af84cd977da8db0ed4faeb79e7f7,4.75
6276bbe6cc56234d430725a31a27939eeec88149,4.0
889c3b4394826639d483c039467cd9a05e68e73c,3.5
1adadbfa95e43a70fcd17e6ce947a0652b86bfc3,3.0
b08545e1281c1eb748e4474687eb61fd3b25d1a6,4.5
518cb6d4247bdebf21e2811f296b0c7372602a0a,4.0
d4f5f1a196e203226e4a69d52a04d46823f32fb3,4.0
b6c4a96e09b9f11e7c70e7f1fbe3f3971b92762d,4.0
61cd4ffdaf2c0daa3d432ff9fecdd064d6e72886,4.0
840fabc2a7773e1bd771f152f76210b2ea5845b9,3.0
1808b64aec21863489f0fe66f250890a3ac2b843,1.5
ae5a34c20fee705ad7094c93a711d5f724d535f0,2.75
2875d6cac905c3dfec4c8a8e1d89a2a7e4d71d40,4.5
b30195763eb103e2e5564228119f3810ab423b2e,5.0
d36e39aedd802aea4be1ea303c70dc56e97dbc3c,2.0
eba4c6b0b860a34461ffb8544111c89a3ef0d8b7,4.25
6b2b5d3d9a2ca4bc4fbd81551a62370be2fbff1b,1.5
d2a2be6ce932a0f1939f31cfff4d64ea3d76723d,3.25
03006aefccdd0c5c6736ab11ed574d02ba1cc086,3.0
2406cf39805c70264c4226b7325a09b506c70921,3.75
21d45b4923ad165fbb6612e08d06f9d786f9b4cc,4.0
0f395654e69cd2e063a6ef221fb66fb46e68cefd,3.5
1d3539a8d94bd3ab78993d7cc584efc06ed0e460,5.0
c933fed82e7b5cbf7230f0f970b69590b40f86a1,5.0
ffc211476f2e40e79466ffc198c919a97da3bb76,5.0
c8a5d05cb741b3448ec4106d2006ae24a7a401b4,3.5
ddd74358d7e11535ee77e2c323dd662d115a0f20,4.5
c00ba15810496669d47d2ed5b627e6c7d2b1f6aa,3.75
4a19211e077bc4ada685854245ba9fab381cbb06,4.0
a3ce3004a0eade48a3ae652dbf5c04a60c2416aa,3.5
3376118362db3751cfbd88acd0c090b8a3897733,4.25
0ae93646ad058853eb6424c1dc0ec1559414e5af,4.25
9bbdcc03d872987eef9165f4a63c3878a5b05189,2.0
fb7caddac20dca012f48c90b2e1e2383f7185051,4.75
6ab36d2577f7c9487b28b2bcdf236191ba901aad,4.0
9633928f72cda45d102fb6740291d47137d0a5ca,4.75
ad21f0709a3e5d7db91606e2f67926f93e01838d,4.25
2cd2df06d488565063e0600ff840d293be2eaf31,4.75
8c4b187bdaf91bf068adfe005a0463c4f9c36387,3.25
63d7e40da7f0d37308b8e97fca4a14a26a6b52ea,5.0
4d41c2fa74dd018e39ddb3cbbfead1b42615612c,3.0
ec084dac14a069da2e924ff7f3d5d2fb75b9b39a,2.0
af4e11436268cf68505f1caee5d6f7ff0df9c99a,4.75
7b7416c90e8d3fc9ad5c9fb3923a638f69294ed7,5.0
972a74968d2522908b06c5bd1e26266194c5a9ee,4.0
af679d69fcc1d0fcf0f039aba937853bcb50a8de,3.0
1bf49ef0b33bf8fcc3ebdd16326db419f3af65d8,2.0
51bf7a3aee6b1f61b902625f6badffedf200d31a,5.0
315432474166ff7abbc6351e8ff07fcccbd68458,4.75
dd5e54b08b2c1520d179e88cd524e9bd4fe1f6ab,2.25
1d1bbed89882ac1001b915ee73199a919aa0d13c,2.0
0de86afbf91d0cf3e595a23a5b7a4d19deefb891,4.5
c99e050b83360e5cbeee8fd2957aaab5b31aa638,2.0
b3848d32f7294ec708627897833c4097eb4d8778,3.75
15bb07d0996ece844de8cae24d3dc15972e6841a,5.0
ed1c17451a23471afde91c109ecadc6aab8b2ba6,3.0
32feca141fce06c6588b4014d27953a3fc25f19b,2.5
0822f8d7e6a72a65e65f147d3a8d8fccd485da40,4.5
e75c388b60cf447be7148be25feeee3e10d12cf4,1.5
db500c4e746897e5d5adafbf222b959c512445ad,4.0
86ae1161026f23f9df691a867fd7453cee56fd28,2.75
5a0c9bbf0432dac8bd357a4aabf82b83a6c95524,5.0
0a4b8b161931799d5c6bc3ecf07c53bae0e9e502,2.0
3ee38da21d8cf9cb7d4077b729e57f68e9c8d671,3.75
6e3f8187f8fef3e11578a73f32da07d33dbf8235,4.0
680e61a17e27a1e8e121276c7ec53fc4fd40babb,2.0
ac713aebdcc06f15f8ea61e1140bb360341fdf27,4.0
b54d49cdf57abf7f7e7bcc0e946f450fd807f829,4.5
82c4be27b0803c08c56bba4352669c1230a3ea19,5.0
4fa4e39ade763085a75146392b997b7d4da49725,5.0
c395595cf7be23f7d90cbca98d8c7861ebfd884d,3.75
e54a4e49917eb3da18c2f239be70a68fbd3274c3,2.0
803c7fdd6e01e1ff8cd43297f4e052078409456d,2.0
e12c52fb542f76b3f0d29178842428d6a4edfe1e,4.0
73fe797b4f4f2d18784246bb74626426a8fe108e,5.0
d170bd486e4c0fe82601e322b0e9e0dde63ab299,4.5
aead4418733b998792deb9cbf198a834449e00d2,3.0
a901185ee0710770420044cace33003109d478e3,3.25
51b0609155e3a63afd1dd7dcc3034a5950f90ee0,3.75
bf9b069242f0af129c2aad8430a52454b008c327,3.0
e1bb329621de73d08c47beae9b5439a1c244eb1a,4.0
2660dbba723573266edb2a0a4929e6847ae83212,3.5
d0a6b70c9dc1942169f48211d47843732c57a3a9,4.75
dbe87b171bfb789e1d22a047aeeee69105e6fd02,5.0
d7a7ebd1565c3795bc2bcdec4334d42a65ad17c5,4.0
ffdbd7f0b03b85747b001b4734d5ee31b5229aa4,3.0
d8d12c922fc571d081bae27c67fcf50cdbb17d90,3.0
4d1a14352ffb526a1fa0e1cd90e2484e188cddc0,3.5
ca3535dcdda9849350ad7c991a60660b22844f2f,2.0
7e358ffc2731a82420d84a7f0bedb155a487c39d,4.5
02a757548da783d43ffcfd4b60f2cbb0ac71a4bc,2.75
873b83326ad1f98549beb85bdb130a40a61e1f9b,3.5
1fc6290fa3e6784501ca67cbef33a6a8edcbdb9e,2.25
49984bc327ef6952118c4b871eeef2a907f7a4ed,4.5
89c2cbdf1a5049a4068ca9215aa8859a1a97b1a3,4.0
3e398bad2d8636491a1034cc938a5e024c7aa881,4.25
b02acb3d159b06b2319a164378e1e61c3983676f,3.0
4c67c129dab9805ab248407b77a6d542c2e40d41,3.0
38705aa9e8ce6412d89c5b2beb9379b1013b33c2,1.0
c330ec2047d019d98233abb59d13b3256c662cc7,3.75
268d347e8a55b5eb82fb5e7d2f800e33c75ab18a,2.0
25ddddbd0bd1cfebf1548b2ee91bb1bbd05fdff1,4.0
14dddd1d8cb2e8c5f4e9998fef84e715cb321ac9,4.5
7847419becbc04596b79f804f844cf9719e875ea,4.5
73c401e29cb83157bc6dfb33d5ce4364a7d2731b,5.0
03d2af05e41aac58ebae4ab37f09155e53d4b35b,3.0
243880fde63abfc287bd1356c2e1dbf68a1a0aac,3.0
e107beee5e84cd11d6460f7040676687a51a378b,4.0
79c93274429d6355959f1e4374c2147bb81ea649,3.75
148bca569a0d2833f05df1297788f64bc6686fa8,3.0
4ef77ef9b8ca8c8a96f1e62fa86a988feb582bd1,3.25
5c6ff5836639e87e8afeaad47e64d0e2234566e8,5.0
79b8ef3905a42b771248719495a2117271906445,1.0
a16ae67070de155789a871cb27ecbf9eaa98b379,4.0
d6741241efb9ffd933df974b43d7109c72238371,4.5
1d634d645bfe0b289fd6a2a0d9210b2a04c9237b,4.5
1da3a9c194a01c0bff7b6ecda79db9d673810bee,4.25
bd49e66af9755e6138967eba6aeb37d8190d2b4f,4.5
9cda754187545c3cc8f9e9f134c08707269d0fae,3.0
0735fb79bf34698c1df4461a05ed51c232c412e4,3.5
a30f912f8c5e2a2bfb06351d4578e1ba3fa37896,4.25
c1d0e73ec3aaf7ffdcbe41835d649d638cbc2f2d,2.75
53e0abebd9aef5915f72147d3674596a0051748c,4.5
cfad4dc5f1f7fcaf7ca318acf672ad92d47f8413,2.0
97883f37c62b4b0e52cdc31dea1a375597db3804,1.0
6cf3bdcdee6236f9f04e7773e3601dbbb8fbc61e,4.5
cc19de8d0782917098029ed20261cbe0b0c62bf5,4.75
daa7e6af585d03e9cb05487413a6495f23400398,1.0
b19cba7bfe318c69d5e62f8322cb5d75228452f4,4.25
35ee53492c7f32dbb3b4ed7ba4d1395218b13ee9,4.75
d473ff103565d8c76e0cbfa33bdd4b0db1cbb23f,2.5
4c9f20ce99f9b93527fd76ec04a44fcef9082005,1.0
afdae523d420278670c30f45c015cc5860a0de22,5.0
d415b724fbc35afcc8dd91738123edfa6a5db634,4.75
b209f2acbf0fbc62a3fd19ad6c13abbd46547736,4.5
3f0f6c19c6f5d4e4d5066984c5f3e922a2c2ff85,4.5
6e2e7df21a5b5457ea4167133a40bc729028250d,4.0
d15eb5744474cec2d0634651bb30000b3873a309,1.5
d3231772937a2182b2377d028417245c49868dd1,3.75
fac2368c2ec81ef82fd168d49a0def2f8d1ec7d8,4.5
50ec3d960ac458573a1e4a1556420c5e96d58609,3.5
a1c5af2a531c64f1c06e806d7986cd878ec3c33a,4.25
e54ffc76d805c48660bb0fd20019ca82ac94ba0d,2.0
e114618157e025ed17b7e45684d67becd34a14f3,2.5
98554bd8a15172e9a6ef3cc3db3bc52504110fc9,4.25
fa774368fcf51cc0fa1bfda59b6a606e163c64b1,3.0
40f4d7fe800810288a80f84cdb357a8f4c28e880,4.5
7c0ada3511b05897fb4d75c5f657b5fbd953caa8,5.0
a1fc0041ef89ed5371317c8e2cc5effa8f38ae48,3.5
4e3935ef7da6bcbb202ec7f8b285c313cadcd044,4.0
998bd8862ab4193e672bb16fe1aae4d446f7536e,4.0
dbb4035111c12f4bce971bd4c8086e9d62c9eb97,3.5
3132a18a441ab6067066e4d4d85608b058c9ed33,5.0
04a7d9f0388ded93c1ec16e36a6df3cd44cb95b0,4.25
449310e3538b08b43227d660227dfd2875c3c3c1,4.5
a94ec1cd89839aa5132118916849d46dff861914,4.0
b1d8c868e1d6d4980ee2f8c50e6fc5e4e7027ca2,2.0
f132f6534ec326a1ba61870b701015cd3d1560a2,3.5
74276a37bfa50f90dfae37f767b2b67784bd402a,2.75
eadd73c3e1c20d16e32ee8656c4f954603b37450,3.0
53e161d4434576355fc5f63fe56afd8e135174b2,4.75
f2de2c9d83b9058695e3272a4fbb7c30e04a1476,3.5
bc5e4b9fb3a40057df4994354a403202218d53a6,4.25
3e3f55cb25b919c4e8158195fd3ce2f23cfa7723,4.0
a5881560968963d0c845c468a273261fde0b7248,4.5
b293e4659e20815bcf0b6d31ce46b8bd9437c1fa,4.0
e52115834ac7a529b1f4a7769dd538f143cf3eea,5.0
f61886d138497431cbeaa7bb73051bfb7a745026,2.0
5d6f87e31d806a77d22e344106d0310be3342259,4.5
22d2f8030221bd0c27bfb9416eeffe4e86633780,1.75
48b18bf5c9cad0e4c36b2d885f380c5c637e1a09,2.0
6e7e095f46deb297713dcde05991faf635768d29,2.0
1c709eef701d933af1383c790c13209f06806b60,4.0
c8648d04f52e49167d1a4443a4830709cf3331ff,3.0
51546584aa394d159edcc08f2412ae30dd316f6c,4.0
04f8f739924a19c01d196a48783b914554ac0fe5,3.75
372657f609f5a95b378a1aad7b08deb9b9b510c0,3.5
5f46d8e18138fe572b6fae897475a2ad645a3e1a,4.25
d301054c2819e1a21480800fdabbe5ae909abe09,4.0
1006d191e9eb5b4dbc35fc0bb389328ddc75cba7,4.25
3389b6b8ee5a1ef0395df9f383e771650087b828,5.0
8b20173b98914f36302389e4c761c334fe867dcd,2.0
dcb28c8ba94434eb8a06e81eb55bfdbc343d2340,4.5
346081161bdc8f18e2a4c4af7f51d35452b5cb01,4.0
f74d4fa99ccedfea7a2662fe6944d99f34533912,5.0
98290fb02a844108df202e9a6dc3461e3f14ee32,3.5
29dc4b10e60ed1e2b84598cc6f2622c786841fdf,3.25
657329c633709dd1ac34a30d57341b186b1a47c2,4.75
e8c3090e66fdb05a2c169a12c52dd94bb8786fb5,5.0
4b9bc5b5985bbfbc860039b98f233f8a43ad9171,3.0
601398838250a4e69c69cc339d65f5c51e727ad1,4.5
b62d63580b81a2cbb20c3c1593dd62d118e4cb07,3.25
cd3595f65519e4af6bcd073790ac32acdafadf55,3.75
1f3c381eedfe8914b81e93070bfdb00cf86ac943,3.25
12442420adf1c36887fafd108f4b7f4fc822ae60,2.5
3ba013b8b56646d66aac8472fb90a5c029ef55a0,5.0
9635e3c008f7bfa80638ade7134a8fb0ef1b37e1,2.5
31392ad8722d9c66181b621936e2013199e02edc,2.5
a6a7724763d8adba466519489b0b9d209e7f2d15,4.0
11e4346e60ac76ad018231a851fbbdb2112044d2,4.0
8a99e1eb3285f127eed7169441679d47be7f1633,4.0
3cd4797725ca9cf954946ed5309e15ebab80b92a,2.5
aeb4478619461ca25592e6d692f3591ec8c4091b,3.5
981152cb3f1e11c9cee6af2275b57ef79c621934,4.75
01a21d74fb7414404851872f23cdca42243ab6a8,4.0
4c6f7fb5c2e1bd12899c3ec2788f9ce7eb2f8a5c,4.0
018bf5da2ba1f1901e98f72c7eedbf6b91967192,4.75
27636090a87fab750fccff4c6ede161ab62bcab4,2.0
5e00596fa946670d894b1bdaeff5a98e3867ef13,2.0
cefd3993db4d065b95ab8f105452fb728c02b60e,4.0
3c0d4dc4237934e37467f4ede3af859bcb140abf,1.0
77568c594470f9aa029f92774e2c12ab0451d9bb,3.25
2826ac3621fdd599303c97cb9e32f165521967b2,3.75
1ccd031f28dccfb226f6c0c588c93a97a50bf95f,4.75
ae06bc1e8e67c27b89329ebcfe61b71625d853f6,4.75
739c2181f7894050a06b53b41ac5debe8ffc4829,2.25
66cbda3e730285cb572c4792edcef209af32c564,1.5
9112be1801598125d463febb96a525227c32acc1,3.0
6536f36648d39f0f9f6105562f76704fcc0b19e8,4.75
030d7d7ae48a9f81700b2c1f7cf835235777b8e7,2.5
97906df07855b029b7aae7c2a1c6c5e8df1d531c,3.0
3be5e7310b1bec9b4431ad0f1264f536b6a39f14,2.75
8c5465eb110d0cab951ca6858a0d51ae759d2f9c,2.5
b9c3e87bc09c4c6167a03a835c30b1c23bef7a40,3.0
9364eff879a9dcb34fe3dfdd0843e69c14dd333b,3.75
1092da11519fe8427c8113b16a012f34f4a3fb6b,4.0
65b226f71faaac9b8a4d63445c85601a16635464,4.0
7cc74ffa1215321712d4a830bb9dee19d9f0fb47,1.0
1f133158a8973fb33fea188f20517cd7e69bfe7f,2.75
d119cc4051ed1206a0dac963cd23a84acf77fea7,2.0
b61c9799f10e4de9cd222dfd8e423bbd950a7c44,4.0
b15ea460c77a4ee8aa159a30ab0331deedfcf392,2.0
b143ee344fe3af4169bde8af8b682a2835dae4a4,3.0
3abcd0ffc54c3a16c9dc5e5d3ea59eaa43070127,3.0
708f8c0eb5032edd6f31663a27febbb0529cbcf3,1.0
03058f9a39d37a8bee635969eed227d59bbc8152,4.75
f4cf4246f3882aa6337e9c05d5675a3b8463a32e,4.75
c263507db2c15a8b2e3c955bda7b3c29a1ebd106,5.0
23f1d4b46bc7c8f357a5a89144d5d32af7be13a5,3.5
fd1b59d22eb1fb32e0360d4fcbe58dc4ebb25af9,1.0
e02f79b710cdcaa9135b835fad964f6f2c78b1a7,3.25
8484fdb56e4690927dc0191ede11c2d24bc5e2ef,2.0
8274799029bfac4402685e1efd995a8aeb9e7426,3.75
c305e3314c0853b14911f704c68b04cfc9ea7aa1,4.0
ceef266c59698999c9283a0cda852d8bc1ce27ea,5.0
0dff2b00fd6e8e7b5f3c0707b0e51e3628988420,4.5
58b628792d3eb22a034a871ed3cf373afe591928,5.0
5f563da2843e005c4b236f7889e7a22631b53210,4.75
48530f3d6425f2f150f07ccdd61ba951951a0a7d,4.75
a445adf335aa5212f929f67c1ca56a62c221b43a,4.5
0b2e9e978898b9fb1116ea964c8c470086ceed87,2.0
598e2d69d3573adae1f0e3bbe54d10c43f48e0b0,3.0
d63edef60d674408819bb015b64b7f42470e151b,1.25
a1d578646cf42f2f69ee996742af484d03cc9121,4.5
bea54062d105b9fe3250ce3569cf817e54772894,4.25
0bb30ed3340d2c34fe9f37c5002929bc5f458c23,4.0
55a3b36fd21dbbe9384ab3ba1bcf901235d95f47,3.5
c9472731afe5fca98f362f49e26d17a9d5d0cc8e,2.0
4a36a00db217fd98f1bd943aa2f2d6303adbc456,3.75
542ad79bb96fc10c46086778aaafc8f3509c5c18,4.25
7954b31ce1f6ad935808b7cf62c34bc118d20a9a,4.0
c2a79e2a65b721d4de5f6d4806323174b9f8f393,2.0
e6fa88f4af68aa7be4ae91940892eee52571997c,3.0
12e9d005c77f76e344361f79c4b008034ae547eb,3.0
31603b3339f4da5bdc6b7de4231bd1ddfb32a50a,5.0
c581686edbd7227e9eb4a0841cce16728ca27369,2.5
04db62a14f78f693d6bd14a4803b9b73325b36bb,4.5
7570afa31c68e24fce1342b7d67c591787219bc1,4.5
45ce9fce4a4eea9f72688885182aee0c84786fab,3.5
782a50a48ba5d32839631254285d989bfadfd193,4.25
43fae0a7af211d91557d115d2f82e3c46d8bf022,2.0
3ce0f00d6c949192107f1bd6a167c03e1fb7393a,4.25
6aecc93c2d61da073b70dec19795172ca1ff3405,2.0
dfd8fc9966ca8ec5c8bdc2dfc94099285f0e07a9,4.0
35cb2b9febada179689724c78dfe31d9fa3f74c4,5.0
ecfac0d377db229d58bc88698ad3bfd4b384ef37,3.0
25ee819bc444b02db43fcbeced982c975edee033,4.25
98ef0db84e62aef969629264c9de1f4d0013f3b9,4.0
03e62d5f0265608c6ebdebba0870131b056b79a6,2.75
9f7e317c6ef0bb15aacc9b19f0f0d00fee6c9a36,3.25
9db77e925015ad02efc9beeab233bedbfe04e4b7,1.5
6954a6bb9d6f3e365b26b694c963ae1d62a03444,3.25
2270b8628fd8ca67ae39d277f45bc3c38ac63d5f,1.5
405c0d9b7cf5482d2e1197167f690e7b7801b9bd,4.0
191ef1408406569f0e9a69344add1ae350365431,3.0
6b4ca249b3b28d3fee65f69714440c08d42cee64,4.5
48ea80b65f42e9fbb96b856286d12347d1df52d2,1.5
4b18303edf701e41a288da36f8f1ba129da67eb7,3.25
abaf39dc9d1b156ddf387230611f5102378d052c,5.0
76b95833fd0e242896d231abdea8dc01a167c7a6,5.0
d7bebb71635cb818d2f5e0ca0a70434283deb4b6,1.5
39ab4b9cdeb4a71b3e25fe5339962654c7c9ff8c,2.75
3c78c6df5eb1695b6a399e346dde880af27d1016,2.5
3af5e203368fa2c7959d035493571d181a8682af,3.5
86471bf927401bf88af83626797228c2bf10a282,4.5
06431546c21d7c2528aaa170c2e1078e0a82d12e,4.0
ca9047c78d48b606c4e4f0c456b1dda550de28b2,1.5
275aaa20ba853c40a461f224eefbf06730bf03a9,1.0
3a95fab610d5ff49fbdb7a4d8760b02c51df0013,4.0
cc352ea39f820c3effc40ce09369cf59afe361df,1.0
148efaba70165d9faef0dac28d5fa2538cfa662d,4.25
